[
    {"pk": 5433, "model": "api.osoba", "fields": {"jmeno": "Ji\u0159\u00ed", "titul_za": "", "titul_pred": "MUDr.", "pohlavi": "M", "zmena": null, "umrti": null, "prijmeni": "Koskuba", "narozeni": "1955-12-14"}},
    {"pk": 5579, "model": "api.osoba", "fields": {"jmeno": "Ivo", "titul_za": "", "titul_pred": "Ing.", "pohlavi": "M", "zmena": null, "umrti": null, "prijmeni": "P\u011bg\u0159\u00edmek", "narozeni": "2000-01-01"}},
    {"pk": 5833, "model": "api.osoba", "fields": {"jmeno": "Josef", "titul_za": "", "titul_pred": "Ing. Mgr.", "pohlavi": "M", "zmena": null, "umrti": null, "prijmeni": "Kratochv\u00edl", "narozeni": "2000-01-01"}},
    {"pk": 5990, "model": "api.osoba", "fields": {"jmeno": "Jana", "titul_za": "CSc.", "titul_pred": "Ing.", "pohlavi": "\u017d", "zmena": null, "umrti": null, "prijmeni": "Fischerov\u00e1", "narozeni": "1955-08-20"}},

    {"pk": 1, "model": "api.typorganu", "fields": {"priorita": 400, "nadrazeny_typ": 11, "nazev_typ_org_cz": "Klub", "obecny_typ": 1, "nazev_typ_org_en": "Political Group"}},
    {"pk": 3, "model": "api.typorganu", "fields": {"priorita": 100, "nadrazeny_typ": 11, "nazev_typ_org_cz": "V\u00fdbor", "obecny_typ": 3, "nazev_typ_org_en": "Committee"}},
    {"pk": 4, "model": "api.typorganu", "fields": {"priorita": 151, "nadrazeny_typ": 3, "nazev_typ_org_cz": "Podv\u00fdbor", "obecny_typ": null, "nazev_typ_org_en": "Subcommittee"}},
    {"pk": 6, "model": "api.typorganu", "fields": {"priorita": 14, "nadrazeny_typ": 12, "nazev_typ_org_cz": "Politick\u00e1 strana", "obecny_typ": null, "nazev_typ_org_en": "Party"}},
    {"pk": 7, "model": "api.typorganu", "fields": {"priorita": 300, "nadrazeny_typ": 11, "nazev_typ_org_cz": "Delegace", "obecny_typ": 7, "nazev_typ_org_en": "Delegation"}},
    {"pk": 8, "model": "api.typorganu", "fields": {"priorita": 13, "nadrazeny_typ": 12, "nazev_typ_org_cz": "Volebn\u00ed kraj", "obecny_typ": null, "nazev_typ_org_en": "Region"}},
    {"pk": 11, "model": "api.typorganu", "fields": {"priorita": 10, "nadrazeny_typ": 12, "nazev_typ_org_cz": "Parlament", "obecny_typ": null, "nazev_typ_org_en": "Parliament"}},
    {"pk": 12, "model": "api.typorganu", "fields": {"priorita": 1, "nadrazeny_typ": null, "nazev_typ_org_cz": "\u010cesk\u00e1 republika", "obecny_typ": null, "nazev_typ_org_en": "Czech republic"}},
    {"pk": 13, "model": "api.typorganu", "fields": {"priorita": 451, "nadrazeny_typ": 7, "nazev_typ_org_cz": "Meziparlamentn\u00ed skupina v r\u00e1mci MPU", "obecny_typ": null, "nazev_typ_org_en": "Interparliamentary Friendship Group"}},
    {"pk": 15, "model": "api.typorganu", "fields": {"priorita": 210, "nadrazeny_typ": 12, "nazev_typ_org_cz": "Instituce", "obecny_typ": null, "nazev_typ_org_en": ""}},
    {"pk": 45, "model": "api.typorganu", "fields": {"priorita": 12, "nadrazeny_typ": 15, "nazev_typ_org_cz": "Spr\u00e1vn\u00ed rada", "obecny_typ": null, "nazev_typ_org_en": ""}},
    {"pk": 75, "model": "api.typorganu", "fields": {"priorita": 10, "nadrazeny_typ": 8, "nazev_typ_org_cz": "Volebn\u00ed kraj - 2002", "obecny_typ": null, "nazev_typ_org_en": ""}},
    {"pk": 78, "model": "api.typorganu", "fields": {"priorita": 161, "nadrazeny_typ": 3, "nazev_typ_org_cz": "Pracovn\u00ed skupina", "obecny_typ": null, "nazev_typ_org_en": "Working Group"}},
    {"pk": 82, "model": "api.typorganu", "fields": {"priorita": 100, "nadrazeny_typ": 15, "nazev_typ_org_cz": "Org\u00e1ny Registru", "obecny_typ": null, "nazev_typ_org_en": ""}},

    {"pk": 19, "model": "api.typfunkce", "fields": {"priorita": 1, "typ_funkce_cz": "P\u0159edseda", "typ_organu": 13, "obecny_typ": 1, "typ_funkce_en": "Chairperson"}},
    {"pk": 71, "model": "api.typfunkce", "fields": {"priorita": 10, "typ_funkce_cz": "\u010clen", "typ_organu": 45, "obecny_typ": 0, "typ_funkce_en": "Member"}},
    {"pk": 97, "model": "api.typfunkce", "fields": {"priorita": 5, "typ_funkce_cz": "\u010clen", "typ_organu": 7, "obecny_typ": 0, "typ_funkce_en": ""}},
    {"pk": 119, "model": "api.typfunkce", "fields": {"priorita": 31, "typ_funkce_cz": "P\u0159edseda", "typ_organu": 82, "obecny_typ": null, "typ_funkce_en": ""}},

    {"pk": 153, "model": "api.organ", "fields": {"cl_organ_base": 0, "organ": null, "nazev_organu_cz": "\u010cesk\u00e1 strana soci\u00e1ln\u011b demokratick\u00e1", "nazev_organu_en": "Czech Social Democratic Party", "typ_organu": 6, "zkratka": "CSSD", "priorita": null, "od_organ": "2000-01-01", "do_organ": null}},
    {"pk": 155, "model": "api.organ", "fields": {"cl_organ_base": 0, "organ": null, "nazev_organu_cz": "Ob\u010dansk\u00e1 demokratick\u00e1 strana", "nazev_organu_en": "Civic Democratic Party", "typ_organu": 6, "zkratka": "ODS", "priorita": null, "od_organ": "2000-01-01", "do_organ": null}},
    {"pk": 170, "model": "api.organ", "fields": {"cl_organ_base": 0, "organ": null, "nazev_organu_cz": "Poslaneck\u00e1 sn\u011bmovna", "nazev_organu_en": "Chamber of Deputies", "typ_organu": 11, "zkratka": "PSP6", "priorita": null, "od_organ": "2010-05-29", "do_organ": null}},
    {"pk": 430, "model": "api.organ", "fields": {"cl_organ_base": 1, "organ": null, "nazev_organu_cz": "V\u0161eobecn\u00e1 zdravotn\u00ed poji\u0161\u0165ovna", "nazev_organu_en": "The General Health Insurance Company of the Czech Republic", "typ_organu": 15, "zkratka": "VZP \u010cR", "priorita": null, "od_organ": "1992-01-01", "do_organ": "2011-11-30"}},
    {"pk": 438, "model": "api.organ", "fields": {"cl_organ_base": 1, "organ": 430, "nazev_organu_cz": "Spr\u00e1vn\u00ed rada VZP", "nazev_organu_en": "The Board of Directors of the General Health Insurance Company of the Czech Republic", "typ_organu": 45, "zkratka": "SRVZP", "priorita": null, "od_organ": "1992-01-01", "do_organ": null}},
    {"pk": 581, "model": "api.organ", "fields": {"cl_organ_base": 0, "organ": null, "nazev_organu_cz": "Hlavn\u00ed m\u011bsto Praha", "nazev_organu_en": "Capital Prague", "typ_organu": 75, "zkratka": "PH", "priorita": null, "od_organ": "2002-06-01", "do_organ": null}},
    {"pk": 590, "model": "api.organ", "fields": {"cl_organ_base": 0, "organ": null, "nazev_organu_cz": "Vyso\u010dina", "nazev_organu_en": "Vysocina", "typ_organu": 75, "zkratka": "V", "priorita": null, "od_organ": "2002-06-01", "do_organ": null}},
    {"pk": 841, "model": "api.organ", "fields": {"cl_organ_base": 1, "organ": null, "nazev_organu_cz": "\u010cesk\u00fd b\u00e1\u0148sk\u00fd \u00fa\u0159ad", "nazev_organu_en": "The Czech Mining Office", "typ_organu": 82, "zkratka": "\u010cB\u00da", "priorita": null, "od_organ": "1993-01-01", "do_organ": null}},
    {"pk": 842, "model": "api.organ", "fields": {"cl_organ_base": 1, "organ": null, "nazev_organu_cz": "\u00da\u0159ad pr\u016fmyslov\u00e9ho vlastnictv\u00ed", "nazev_organu_en": "The Industrial Property Office (Czech Patent and Trademark Office)", "typ_organu": 82, "zkratka": "\u00daPV", "priorita": null, "od_organ": "1993-01-01", "do_organ": null}},
    {"pk": 863, "model": "api.organ", "fields": {"cl_organ_base": 0, "organ": 170, "nazev_organu_cz": "Poslaneck\u00fd klub \u010cesk\u00e9 strany soci\u00e1ln\u011b demokratick\u00e9", "nazev_organu_en": "", "typ_organu": 1, "zkratka": "\u010cSSD", "priorita": 10, "od_organ": "2010-06-04", "do_organ": null}},
    {"pk": 864, "model": "api.organ", "fields": {"cl_organ_base": 0, "organ": 170, "nazev_organu_cz": "Poslaneck\u00fd klub Ob\u010dansk\u00e9 demokratick\u00e9 strany", "nazev_organu_en": "Political group Civic Democratic Party", "typ_organu": 1, "zkratka": "ODS", "priorita": 20, "od_organ": "2010-05-30", "do_organ": null}},
    {"pk": 963, "model": "api.organ", "fields": {"cl_organ_base": 0, "organ": 170, "nazev_organu_cz": "V\u00fdbor pro zdravotnictv\u00ed", "nazev_organu_en": "Committee on Health Care", "typ_organu": 3, "zkratka": "VZ", "priorita": null, "od_organ": "2010-06-24", "do_organ": null}},
    {"pk": 965, "model": "api.organ", "fields": {"cl_organ_base": 0, "organ": 170, "nazev_organu_cz": "V\u00fdbor pro ve\u0159ejnou spr\u00e1vu a region\u00e1ln\u00ed rozvoj", "nazev_organu_en": "Committee on Public Administration and Regional Development", "typ_organu": 3, "zkratka": "VSR", "priorita": null, "od_organ": "2010-06-24", "do_organ": null}},
    {"pk": 967, "model": "api.organ", "fields": {"cl_organ_base": 0, "organ": 170, "nazev_organu_cz": "Zahrani\u010dn\u00ed v\u00fdbor", "nazev_organu_en": "Committee on Foreign Affairs", "typ_organu": 3, "zkratka": "ZAV", "priorita": null, "od_organ": "2010-06-24", "do_organ": null}},
    {"pk": 975, "model": "api.organ", "fields": {"cl_organ_base": 0, "organ": 170, "nazev_organu_cz": "St\u00e1l\u00e1 delegace do Meziparlamentn\u00ed unie", "nazev_organu_en": "Permanent Delegation to the Inter-Parliamentary Union", "typ_organu": 7, "zkratka": "SDMPU", "priorita": null, "od_organ": "2010-07-09", "do_organ": null}},
    {"pk": 987, "model": "api.organ", "fields": {"cl_organ_base": 0, "organ": 965, "nazev_organu_cz": "Podv\u00fdbor pro cestovn\u00ed ruch", "nazev_organu_en": "", "typ_organu": 4, "zkratka": "PCR", "priorita": null, "od_organ": "2010-09-08", "do_organ": null}},
    {"pk": 1014, "model": "api.organ", "fields": {"cl_organ_base": 1, "organ": 170, "nazev_organu_cz": "St\u00e1l\u00e1 delegace do Parlamentn\u00edho shrom\u00e1\u017ed\u011bn\u00ed Rady Evropy", "nazev_organu_en": "Permanent Delegation to the Parliament. Assembly of the Council of Europe", "typ_organu": 7, "zkratka": "SDRE", "priorita": null, "od_organ": "2010-07-09", "do_organ": null}},
    {"pk": 1052, "model": "api.organ", "fields": {"cl_organ_base": 0, "organ": 975, "nazev_organu_cz": "Rakousko", "nazev_organu_en": "the Republic of Austria", "typ_organu": 13, "zkratka": "A", "priorita": null, "od_organ": "2010-12-14", "do_organ": null}},
    {"pk": 1095, "model": "api.organ", "fields": {"cl_organ_base": 0, "organ": 987, "nazev_organu_cz": "Pracovn\u00ed skupina k problematice zvy\u0161ov\u00e1n\u00ed n\u00e1jm\u016f L\u010cR pod sportovi\u0161ti", "nazev_organu_en": "", "typ_organu": 78, "zkratka": "NSLCR", "priorita": null, "od_organ": "2012-02-03", "do_organ": null}},

    {"pk": 664, "model": "api.funkce", "fields": {"priorita": 9, "typ_funkce": 71, "organ": 438, "nazev_funkce_cz": "\u010clen"}},
    {"pk": 1241, "model": "api.funkce", "fields": {"priorita": 1, "typ_funkce": 119, "organ": 841, "nazev_funkce_cz": "P\u0159edseda"}},
    {"pk": 1242, "model": "api.funkce", "fields": {"priorita": 1, "typ_funkce": 119, "organ": 842, "nazev_funkce_cz": "P\u0159edseda"}},
    {"pk": 1573, "model": "api.funkce", "fields": {"priorita": 5, "typ_funkce": 97, "organ": 1014, "nazev_funkce_cz": "\u010clen"}},
    {"pk": 1646, "model": "api.funkce", "fields": {"priorita": 1, "typ_funkce": 19, "organ": 1052, "nazev_funkce_cz": "P\u0159edseda"}},

    {"pk": 2911, "model": "api.zarazeniorgan", "fields": {"organ": 170, "mandat_do": null, "zarazeni_do": null, "osoba": 5433, "zarazeni_od": "2010-05-29T13:00:00Z", "mandat_od": null}},
    {"pk": 2913, "model": "api.zarazeniorgan", "fields": {"organ": 863, "mandat_do": null, "zarazeni_do": null, "osoba": 5433, "zarazeni_od": "2010-06-03T23:00:00Z", "mandat_od": null}},
    {"pk": 2914, "model": "api.zarazeniorgan", "fields": {"organ": 963, "mandat_do": null, "zarazeni_do": null, "osoba": 5433, "zarazeni_od": "2010-07-06T23:00:00Z", "mandat_od": null}},
    {"pk": 3309, "model": "api.zarazeniorgan", "fields": {"organ": 841, "mandat_do": null, "zarazeni_do": null, "osoba": 5579, "zarazeni_od": "2008-03-31T23:00:00Z", "mandat_od": null}},
    {"pk": 3363, "model": "api.zarazeniorgan", "fields": {"organ": 842, "mandat_do": null, "zarazeni_do": null, "osoba": 5833, "zarazeni_od": "2009-05-03T23:00:00Z", "mandat_od": null}},
    {"pk": 4371, "model": "api.zarazeniorgan", "fields": {"organ": 170, "mandat_do": null, "zarazeni_do": null, "osoba": 5990, "zarazeni_od": "2010-05-29T13:00:00Z", "mandat_od": null}},
    {"pk": 4372, "model": "api.zarazeniorgan", "fields": {"organ": 864, "mandat_do": null, "zarazeni_do": null, "osoba": 5990, "zarazeni_od": "2010-05-29T23:00:00Z", "mandat_od": null}},
    {"pk": 4373, "model": "api.zarazeniorgan", "fields": {"organ": 965, "mandat_do": null, "zarazeni_do": null, "osoba": 5990, "zarazeni_od": "2010-07-06T23:00:00Z", "mandat_od": null}},
    {"pk": 4374, "model": "api.zarazeniorgan", "fields": {"organ": 967, "mandat_do": null, "zarazeni_do": null, "osoba": 5990, "zarazeni_od": "2010-07-06T23:00:00Z", "mandat_od": null}},
    {"pk": 4376, "model": "api.zarazeniorgan", "fields": {"organ": 987, "mandat_do": null, "zarazeni_do": null, "osoba": 5990, "zarazeni_od": "2010-10-05T23:00:00Z", "mandat_od": null}},
    {"pk": 4378, "model": "api.zarazeniorgan", "fields": {"organ": 1014, "mandat_do": null, "zarazeni_do": null, "osoba": 5990, "zarazeni_od": "2010-09-23T23:00:00Z", "mandat_od": null}},
    {"pk": 4387, "model": "api.zarazeniorgan", "fields": {"organ": 1095, "mandat_do": null, "zarazeni_do": null, "osoba": 5990, "zarazeni_od": "2012-02-02T23:00:00Z", "mandat_od": null}},

    {"pk": 164, "model": "api.zarazenifunkce", "fields": {"funkce": 664, "mandat_do": null, "zarazeni_do": null, "osoba": 5433, "zarazeni_od": "2010-09-21T23:00:00Z", "mandat_od": null}},
    {"pk": 246, "model": "api.zarazenifunkce", "fields": {"funkce": 1241, "mandat_do": null, "zarazeni_do": null, "osoba": 5579, "zarazeni_od": "2008-03-31T23:00:00Z", "mandat_od": null}},
    {"pk": 259, "model": "api.zarazenifunkce", "fields": {"funkce": 1242, "mandat_do": null, "zarazeni_do": null, "osoba": 5833, "zarazeni_od": "2009-05-03T23:00:00Z", "mandat_od": null}},
    {"pk": 429, "model": "api.zarazenifunkce", "fields": {"funkce": 1573, "mandat_do": null, "zarazeni_do": null, "osoba": 5990, "zarazeni_od": "2010-09-23T23:00:00Z", "mandat_od": null}},
    {"pk": 430, "model": "api.zarazenifunkce", "fields": {"funkce": 1646, "mandat_do": null, "zarazeni_do": null, "osoba": 5990, "zarazeni_od": "2010-12-13T23:00:00Z", "mandat_od": null}},

    {"pk": 1130, "model": "api.poslanec", "fields": {"kandidatka": 155, "web": "", "fax": "", "kraj": 590, "psp_telefon": "2006", "psc": "58001", "foto": 1, "telefon": "", "osoba": 5990, "facebook": "", "obdobi": 170, "ulice": "Havl\u00ed\u010dkovo n\u00e1m\u011bst\u00ed 1963", "email": "fischerovaj@psp.cz", "obec": "Havl\u00ed\u010dk\u016fv Brod"}},
    {"pk": 1177, "model": "api.poslanec", "fields": {"kandidatka": 153, "web": "", "fax": "", "kraj": 581, "psp_telefon": "2221", "psc": "11000", "foto": 1, "telefon": "", "osoba": 5433, "facebook": "", "obdobi": 170, "ulice": "Hybernsk\u00e1 7", "email": "koskubaj@psp.cz", "obec": "Praha 1"}},

    {"pk": 103, "model": "api.pkgps", "fields": {"sirka": "14.25532650000000000", "delka": "50.05149940000000000", "adresa": "Hybernsk\u00e1 7; Praha 1; 11000", "poslanec": 1177}},
    {"pk": 122, "model": "api.pkgps", "fields": {"sirka": "15.34449730000000000", "delka": "49.36224270000000000", "adresa": "Havl\u00ed\u010dkovo n\u00e1m\u011bst\u00ed 1963; Havl\u00ed\u010dk\u016fv Brod; 58001", "poslanec": 1130}},

    {"pk": 52361, "model": "api.hlasovani", "fields": {"proti": 0, "druh_hlasovani": "N", "prihlaseno": 195, "nazev_kratky": "", "organ": 170, "nazev_dlouhy": "Inf. o ustaven\u00ed volebn\u00ed komise PS a volb\u011b \u010dlen\u016f", "pro": 192, "datum": "2010-06-22T13:54:00Z", "vysledek": "A", "schuze": 1, "cislo": 1, "zdrzel": 3, "kvorum": 98, "nehlasoval": 0, "bod": 3}},
    {"pk": 52362, "model": "api.hlasovani", "fields": {"proti": 0, "druh_hlasovani": "N", "prihlaseno": 196, "nazev_kratky": "", "organ": 170, "nazev_dlouhy": "N\u00e1v.na stanoven\u00ed po\u010dtu \u010dl. MIV", "pro": 191, "datum": "2010-06-22T13:57:00Z", "vysledek": "A", "schuze": 1, "cislo": 2, "zdrzel": 4, "kvorum": 99, "nehlasoval": 1, "bod": 4}},
    {"pk": 52363, "model": "api.hlasovani", "fields": {"proti": 0, "druh_hlasovani": "N", "prihlaseno": 197, "nazev_kratky": "", "organ": 170, "nazev_dlouhy": "N\u00e1vrh na ustaven\u00ed MIV", "pro": 192, "datum": "2010-06-24T09:06:00Z", "vysledek": "A", "schuze": 1, "cislo": 3, "zdrzel": 5, "kvorum": 99, "nehlasoval": 0, "bod": 6}}
]