[{"pk": 5990, "model": "api.osoba", "fields": {"jmeno": "Jana", "titul_za": "CSc.", "titul_pred": "Ing.", "pohlavi": "\u017d", "zmena": null, "umrti": null, "prijmeni": "Fischerov\u00e1", "narozeni": "1955-08-20"}},
 {"pk": 5433, "model": "api.osoba", "fields": {"jmeno": "Ji\u0159\u00ed", "titul_za": "", "titul_pred": "MUDr.", "pohlavi": "M", "zmena": null, "umrti": null, "prijmeni": "Koskuba", "narozeni": "1955-12-14"}},
 {"pk": 5579, "model": "api.osoba", "fields": {"jmeno": "Ivo", "titul_za": "", "titul_pred": "Ing.", "pohlavi": "M", "zmena": null, "umrti": null, "prijmeni": "P\u011bg\u0159\u00edmek", "narozeni": "2000-01-01"}},
 {"pk": 5833, "model": "api.osoba", "fields": {"jmeno": "Josef", "titul_za": "", "titul_pred": "Ing. Mgr.", "pohlavi": "M", "zmena": null, "umrti": null, "prijmeni": "Kratochv\u00edl", "narozeni": "2000-01-01"}},

 {"pk": 12, "model": "api.typorganu", "fields": {"priorita": 1, "nadrazeny_typ": null, "nazev_typ_org_cz": "\u010cesk\u00e1 republika", "obecny_typ": null, "nazev_typ_org_en": "Czech republic"}}, {"pk": 33, "model": "api.typorganu", "fields": {"priorita": 12, "nadrazeny_typ": 24, "nazev_typ_org_cz": "V\u00fdbor", "obecny_typ": 3, "nazev_typ_org_en": ""}}, {"pk": 28, "model": "api.typorganu", "fields": {"priorita": 30, "nadrazeny_typ": 12, "nazev_typ_org_cz": "Sn\u011bm kr\u00e1lovstv\u00ed \u010cesk\u00e9ho", "obecny_typ": null, "nazev_typ_org_en": ""}}, {"pk": 32, "model": "api.typorganu", "fields": {"priorita": 109, "nadrazeny_typ": 24, "nazev_typ_org_cz": "Klub", "obecny_typ": 1, "nazev_typ_org_en": ""}}, {"pk": 31, "model": "api.typorganu", "fields": {"priorita": 106, "nadrazeny_typ": 22, "nazev_typ_org_cz": "Sn\u011bmovna n\u00e1rod\u016f", "obecny_typ": null, "nazev_typ_org_en": ""}}, {"pk": 22, "model": "api.typorganu", "fields": {"priorita": 20, "nadrazeny_typ": 12, "nazev_typ_org_cz": "Feder\u00e1ln\u00ed shrom\u00e1\u017ed\u011bn\u00ed \u010ceskoslovensk\u00e9 socialistick\u00e9 republiky", "obecny_typ": null, "nazev_typ_org_en": "Federal Assembly"}}, {"pk": 30, "model": "api.typorganu", "fields": {"priorita": 105, "nadrazeny_typ": 22, "nazev_typ_org_cz": "Sn\u011bmovna lidu", "obecny_typ": null, "nazev_typ_org_en": ""}}, {"pk": 21, "model": "api.typorganu", "fields": {"priorita": 18, "nadrazeny_typ": 12, "nazev_typ_org_cz": "Feder\u00e1ln\u00ed shrom\u00e1\u017ed\u011bn\u00ed \u010cesk\u00e9 a Slovensk\u00e9 Federativn\u00ed republiky", "obecny_typ": null, "nazev_typ_org_en": "Federal Assembly"}}, {"pk": 29, "model": "api.typorganu", "fields": {"priorita": 100, "nadrazeny_typ": 27, "nazev_typ_org_cz": "V\u00fdbor", "obecny_typ": 3, "nazev_typ_org_en": "Committee"}}, {"pk": 23, "model": "api.typorganu", "fields": {"priorita": 22, "nadrazeny_typ": 12, "nazev_typ_org_cz": "N\u00e1rodn\u00ed shrom\u00e1\u017ed\u011bn\u00ed \u010ceskoslovensk\u00e9 socialistick\u00e9 republiky", "obecny_typ": null, "nazev_typ_org_en": ""}}, {"pk": 27, "model": "api.typorganu", "fields": {"priorita": 28, "nadrazeny_typ": 12, "nazev_typ_org_cz": "N\u00e1rodn\u00ed shrom\u00e1\u017ed\u011bn\u00ed \u010deskoslovensk\u00e9", "obecny_typ": null, "nazev_typ_org_en": ""}}, {"pk": 26, "model": "api.typorganu", "fields": {"priorita": 27, "nadrazeny_typ": 12, "nazev_typ_org_cz": "Prozatimn\u00ed N\u00e1rodn\u00ed shrom\u00e1\u017ed\u011bn\u00ed republiky \u010ceskoslovensk\u00e9", "obecny_typ": null, "nazev_typ_org_en": ""}}, {"pk": 76, "model": "api.typorganu", "fields": {"priorita": 209, "nadrazeny_typ": 12, "nazev_typ_org_cz": "Snem Slovenskej republiky", "obecny_typ": null, "nazev_typ_org_en": ""}}, {"pk": 15, "model": "api.typorganu", "fields": {"priorita": 210, "nadrazeny_typ": 12, "nazev_typ_org_cz": "Instituce", "obecny_typ": null, "nazev_typ_org_en": ""}}, {"pk": 25, "model": "api.typorganu", "fields": {"priorita": 26, "nadrazeny_typ": 12, "nazev_typ_org_cz": "\u00dastavod\u00e1rn\u00e9 N\u00e1rodn\u00ed shrom\u00e1\u017ed\u011bn\u00ed republiky \u010ceskoslovensk\u00e9", "obecny_typ": null, "nazev_typ_org_en": ""}}, {"pk": 74, "model": "api.typorganu", "fields": {"priorita": 452, "nadrazeny_typ": 7, "nazev_typ_org_cz": "Konvent EU", "obecny_typ": null, "nazev_typ_org_en": ""}}, {"pk": 8, "model": "api.typorganu", "fields": {"priorita": 13, "nadrazeny_typ": 12, "nazev_typ_org_cz": "Volebn\u00ed kraj", "obecny_typ": null, "nazev_typ_org_en": "Region"}}, {"pk": 24, "model": "api.typorganu", "fields": {"priorita": 24, "nadrazeny_typ": 12, "nazev_typ_org_cz": "N\u00e1rodn\u00ed shrom\u00e1\u017ed\u011bn\u00ed republiky \u010ceskoslovensk\u00e9", "obecny_typ": null, "nazev_typ_org_en": "National Assembly"}}, {"pk": 5, "model": "api.typorganu", "fields": {"priorita": 40, "nadrazeny_typ": 12, "nazev_typ_org_cz": "Vl\u00e1da", "obecny_typ": null, "nazev_typ_org_en": "Government"}}, {"pk": 40, "model": "api.typorganu", "fields": {"priorita": 30, "nadrazeny_typ": 5, "nazev_typ_org_cz": "Legislativn\u00ed rada vl\u00e1dy", "obecny_typ": null, "nazev_typ_org_en": ""}}, {"pk": 13, "model": "api.typorganu", "fields": {"priorita": 451, "nadrazeny_typ": 7, "nazev_typ_org_cz": "Meziparlamentn\u00ed skupina v r\u00e1mci MPU", "obecny_typ": null, "nazev_typ_org_en": "Interparliamentary Friendship Group"}}, {"pk": 7, "model": "api.typorganu", "fields": {"priorita": 300, "nadrazeny_typ": 11, "nazev_typ_org_cz": "Delegace", "obecny_typ": 7, "nazev_typ_org_en": "Delegation"}}, {"pk": 75, "model": "api.typorganu", "fields": {"priorita": 10, "nadrazeny_typ": 8, "nazev_typ_org_cz": "Volebn\u00ed kraj - 2002", "obecny_typ": null, "nazev_typ_org_en": ""}}, {"pk": 4, "model": "api.typorganu", "fields": {"priorita": 151, "nadrazeny_typ": 3, "nazev_typ_org_cz": "Podv\u00fdbor", "obecny_typ": null, "nazev_typ_org_en": "Subcommittee"}}, {"pk": 6, "model": "api.typorganu", "fields": {"priorita": 14, "nadrazeny_typ": 12, "nazev_typ_org_cz": "Politick\u00e1 strana", "obecny_typ": null, "nazev_typ_org_en": "Party"}}, {"pk": 20, "model": "api.typorganu", "fields": {"priorita": 16, "nadrazeny_typ": 12, "nazev_typ_org_cz": "\u010cesk\u00e1 n\u00e1rodn\u00ed rada", "obecny_typ": null, "nazev_typ_org_en": ""}}, {"pk": 2, "model": "api.typorganu", "fields": {"priorita": 200, "nadrazeny_typ": 11, "nazev_typ_org_cz": "Komise", "obecny_typ": 2, "nazev_typ_org_en": "Commission"}}, {"pk": 3, "model": "api.typorganu", "fields": {"priorita": 100, "nadrazeny_typ": 11, "nazev_typ_org_cz": "V\u00fdbor", "obecny_typ": 3, "nazev_typ_org_en": "Committee"}}, {"pk": 1, "model": "api.typorganu", "fields": {"priorita": 400, "nadrazeny_typ": 11, "nazev_typ_org_cz": "Klub", "obecny_typ": 1, "nazev_typ_org_en": "Political Group"}}, {"pk": 11, "model": "api.typorganu", "fields": {"priorita": 10, "nadrazeny_typ": 12, "nazev_typ_org_cz": "Parlament", "obecny_typ": null, "nazev_typ_org_en": "Parliament"}}, {"pk": 78, "model": "api.typorganu", "fields": {"priorita": 161, "nadrazeny_typ": 3, "nazev_typ_org_cz": "Pracovn\u00ed skupina", "obecny_typ": null, "nazev_typ_org_en": "Working Group"}}, {"pk": 79, "model": "api.typorganu", "fields": {"priorita": 600, "nadrazeny_typ": 12, "nazev_typ_org_cz": "Sen\u00e1t", "obecny_typ": null, "nazev_typ_org_en": "Senate"}}, {"pk": 69, "model": "api.typorganu", "fields": {"priorita": 501, "nadrazeny_typ": 55, "nazev_typ_org_cz": "Klub", "obecny_typ": null, "nazev_typ_org_en": ""}}, {"pk": 67, "model": "api.typorganu", "fields": {"priorita": 10, "nadrazeny_typ": 54, "nazev_typ_org_cz": "Klub", "obecny_typ": null, "nazev_typ_org_en": ""}}, {"pk": 68, "model": "api.typorganu", "fields": {"priorita": 501, "nadrazeny_typ": 54, "nazev_typ_org_cz": "Klub", "obecny_typ": null, "nazev_typ_org_en": ""}}, {"pk": 57, "model": "api.typorganu", "fields": {"priorita": 9, "nadrazeny_typ": 21, "nazev_typ_org_cz": "P\u0159edsednictvo", "obecny_typ": null, "nazev_typ_org_en": ""}}, {"pk": 56, "model": "api.typorganu", "fields": {"priorita": 9, "nadrazeny_typ": 24, "nazev_typ_org_cz": "P\u0159edsednictvo", "obecny_typ": null, "nazev_typ_org_en": ""}}, {"pk": 55, "model": "api.typorganu", "fields": {"priorita": 102, "nadrazeny_typ": 21, "nazev_typ_org_cz": "Sn\u011bmovna n\u00e1rod\u016f", "obecny_typ": null, "nazev_typ_org_en": ""}}, {"pk": 53, "model": "api.typorganu", "fields": {"priorita": 202, "nadrazeny_typ": 31, "nazev_typ_org_cz": "Klub", "obecny_typ": 1, "nazev_typ_org_en": ""}}, {"pk": 54, "model": "api.typorganu", "fields": {"priorita": 101, "nadrazeny_typ": 21, "nazev_typ_org_cz": "Sn\u011bmovna lidu", "obecny_typ": null, "nazev_typ_org_en": ""}}, {"pk": 52, "model": "api.typorganu", "fields": {"priorita": 201, "nadrazeny_typ": 31, "nazev_typ_org_cz": "V\u00fdbor", "obecny_typ": 3, "nazev_typ_org_en": "Committee"}}, {"pk": 51, "model": "api.typorganu", "fields": {"priorita": 200, "nadrazeny_typ": 31, "nazev_typ_org_cz": "P\u0159edsednictvo", "obecny_typ": null, "nazev_typ_org_en": ""}}, {"pk": 48, "model": "api.typorganu", "fields": {"priorita": 202, "nadrazeny_typ": 30, "nazev_typ_org_cz": "Klub", "obecny_typ": 1, "nazev_typ_org_en": ""}}, {"pk": 50, "model": "api.typorganu", "fields": {"priorita": 200, "nadrazeny_typ": 30, "nazev_typ_org_cz": "P\u0159edsednictvo", "obecny_typ": null, "nazev_typ_org_en": ""}}, {"pk": 77, "model": "api.typorganu", "fields": {"priorita": 500, "nadrazeny_typ": 12, "nazev_typ_org_cz": "Evropsk\u00fd parlament", "obecny_typ": null, "nazev_typ_org_en": "European Parliament"}}, {"pk": 47, "model": "api.typorganu", "fields": {"priorita": 104, "nadrazeny_typ": 22, "nazev_typ_org_cz": "P\u0159edsednictvo", "obecny_typ": null, "nazev_typ_org_en": ""}}, {"pk": 45, "model": "api.typorganu", "fields": {"priorita": 12, "nadrazeny_typ": 15, "nazev_typ_org_cz": "Spr\u00e1vn\u00ed rada", "obecny_typ": null, "nazev_typ_org_en": ""}}, {"pk": 49, "model": "api.typorganu", "fields": {"priorita": 201, "nadrazeny_typ": 30, "nazev_typ_org_cz": "V\u00fdbor", "obecny_typ": 3, "nazev_typ_org_en": "Committee"}}, {"pk": 42, "model": "api.typorganu", "fields": {"priorita": 20, "nadrazeny_typ": 15, "nazev_typ_org_cz": "Dozor\u010d\u00ed rada", "obecny_typ": null, "nazev_typ_org_en": ""}}, {"pk": 41, "model": "api.typorganu", "fields": {"priorita": 10, "nadrazeny_typ": 15, "nazev_typ_org_cz": "Prez\u00eddium", "obecny_typ": null, "nazev_typ_org_en": ""}}, {"pk": 35, "model": "api.typorganu", "fields": {"priorita": 30, "nadrazeny_typ": 24, "nazev_typ_org_cz": "Komise", "obecny_typ": 2, "nazev_typ_org_en": "Commission"}}, {"pk": 34, "model": "api.typorganu", "fields": {"priorita": 205, "nadrazeny_typ": 27, "nazev_typ_org_cz": "Klub", "obecny_typ": 1, "nazev_typ_org_en": ""}}, {"pk": 80, "model": "api.typorganu", "fields": {"priorita": null, "nadrazeny_typ": null, "nazev_typ_org_cz": "Evropska unie", "obecny_typ": null, "nazev_typ_org_en": ""}}, {"pk": 82, "model": "api.typorganu", "fields": {"priorita": 100, "nadrazeny_typ": 15, "nazev_typ_org_cz": "Org\u00e1ny Registru", "obecny_typ": null, "nazev_typ_org_en": ""}}, {"pk": 85, "model": "api.typorganu", "fields": {"priorita": 10, "nadrazeny_typ": 84, "nazev_typ_org_cz": "Parlamentn\u00ed shrom\u00e1\u017ed\u011bn\u00ed NATO", "obecny_typ": null, "nazev_typ_org_en": ""}}, {"pk": 83, "model": "api.typorganu", "fields": {"priorita": 390, "nadrazeny_typ": 11, "nazev_typ_org_cz": "Pracovn\u00ed skupina", "obecny_typ": null, "nazev_typ_org_en": ""}}, {"pk": 81, "model": "api.typorganu", "fields": {"priorita": 10, "nadrazeny_typ": 80, "nazev_typ_org_cz": "Evropsk\u00e1 centr\u00e1ln\u00ed banka", "obecny_typ": null, "nazev_typ_org_en": "Europena Central Bank"}}, {"pk": 18, "model": "api.typorganu", "fields": {"priorita": 39, "nadrazeny_typ": 12, "nazev_typ_org_cz": "Prezident", "obecny_typ": null, "nazev_typ_org_en": ""}}, {"pk": 84, "model": "api.typorganu", "fields": {"priorita": 700, "nadrazeny_typ": 12, "nazev_typ_org_cz": "Mezin\u00e1rodn\u00ed organizace", "obecny_typ": null, "nazev_typ_org_en": "International organizations"}}, {"pk": 10, "model": "api.typorganu", "fields": {"priorita": null, "nadrazeny_typ": 9, "nazev_typ_org_cz": "N\u00e1rodn\u00e1 rada Slovenskej republiky", "obecny_typ": null, "nazev_typ_org_en": ""}}, {"pk": 86, "model": "api.typorganu", "fields": {"priorita": 10, "nadrazeny_typ": 85, "nazev_typ_org_cz": "V\u00fdbor", "obecny_typ": null, "nazev_typ_org_en": ""}}, {"pk": 9, "model": "api.typorganu", "fields": {"priorita": null, "nadrazeny_typ": null, "nazev_typ_org_cz": "Slovensk\u00e1 republika", "obecny_typ": null, "nazev_typ_org_en": ""}},
 {"pk": 2, "model": "api.typfunkce", "fields": {"priorita": 1, "typ_funkce_cz": "P\u0159edseda", "typ_organu": 1, "obecny_typ": 1, "typ_funkce_en": "Chairperson"}}, {"pk": 1, "model": "api.typfunkce", "fields": {"priorita": 2, "typ_funkce_cz": "M\u00edstop\u0159edseda", "typ_organu": 1, "obecny_typ": 2, "typ_funkce_en": "Vice-chairperson"}}, {"pk": 5, "model": "api.typfunkce", "fields": {"priorita": 1, "typ_funkce_cz": "P\u0159edseda", "typ_organu": 2, "obecny_typ": 1, "typ_funkce_en": "Chairperson"}}, {"pk": 3, "model": "api.typfunkce", "fields": {"priorita": 2, "typ_funkce_cz": "M\u00edstop\u0159edseda", "typ_organu": 2, "obecny_typ": 2, "typ_funkce_en": "Vice-chairperson"}}, {"pk": 4, "model": "api.typfunkce", "fields": {"priorita": 5, "typ_funkce_cz": "Ov\u011b\u0159ovatel komise", "typ_organu": 2, "obecny_typ": 3, "typ_funkce_en": "Verifier of commission"}}, {"pk": 8, "model": "api.typfunkce", "fields": {"priorita": 1, "typ_funkce_cz": "P\u0159edseda", "typ_organu": 3, "obecny_typ": 1, "typ_funkce_en": "Chairperson"}}, {"pk": 6, "model": "api.typfunkce", "fields": {"priorita": 9, "typ_funkce_cz": "M\u00edstop\u0159edseda", "typ_organu": 3, "obecny_typ": 2, "typ_funkce_en": "Vice-chairperson"}}, {"pk": 7, "model": "api.typfunkce", "fields": {"priorita": 20, "typ_funkce_cz": "Ov\u011b\u0159ovatel v\u00fdboru", "typ_organu": 3, "obecny_typ": 3, "typ_funkce_en": "Verifier of committee"}}, {"pk": 9, "model": "api.typfunkce", "fields": {"priorita": 10, "typ_funkce_cz": "Tajemn\u00edk - ov\u011b\u0159ovatel v\u00fdboru", "typ_organu": 3, "obecny_typ": 3, "typ_funkce_en": "Secretary - verifier of committee"}}, {"pk": 11, "model": "api.typfunkce", "fields": {"priorita": 2, "typ_funkce_cz": "P\u0159edseda", "typ_organu": 4, "obecny_typ": 1, "typ_funkce_en": "Chairperson"}}, {"pk": 10, "model": "api.typfunkce", "fields": {"priorita": 3, "typ_funkce_cz": "M\u00edstop\u0159edseda", "typ_organu": 4, "obecny_typ": 2, "typ_funkce_en": "Vice-chairperson"}}, {"pk": 13, "model": "api.typfunkce", "fields": {"priorita": 1, "typ_funkce_cz": "P\u0159edseda", "typ_organu": 7, "obecny_typ": 1, "typ_funkce_en": "Chairperson"}}, {"pk": 12, "model": "api.typfunkce", "fields": {"priorita": 6, "typ_funkce_cz": "N\u00e1hradn\u00edk delegace", "typ_organu": 7, "obecny_typ": 0, "typ_funkce_en": "Alternate of delegation"}}, {"pk": 15, "model": "api.typfunkce", "fields": {"priorita": 1, "typ_funkce_cz": "P\u0159edseda", "typ_organu": 5, "obecny_typ": 1, "typ_funkce_en": "Chairperson"}}, {"pk": 14, "model": "api.typfunkce", "fields": {"priorita": 2, "typ_funkce_cz": "Vedouc\u00ed delegace", "typ_organu": 7, "obecny_typ": 1, "typ_funkce_en": "Head of delegation"}}, {"pk": 17, "model": "api.typfunkce", "fields": {"priorita": 5, "typ_funkce_cz": "Ov\u011b\u0159ovatel", "typ_organu": 11, "obecny_typ": 3, "typ_funkce_en": "Verifier"}}, {"pk": 16, "model": "api.typfunkce", "fields": {"priorita": 2, "typ_funkce_cz": "M\u00edstop\u0159edseda", "typ_organu": 11, "obecny_typ": 2, "typ_funkce_en": "Vice-chairperson"}}, {"pk": 18, "model": "api.typfunkce", "fields": {"priorita": 1, "typ_funkce_cz": "P\u0159edseda", "typ_organu": 11, "obecny_typ": 1, "typ_funkce_en": "Chairperson"}}, {"pk": 19, "model": "api.typfunkce", "fields": {"priorita": 1, "typ_funkce_cz": "P\u0159edseda", "typ_organu": 13, "obecny_typ": 1, "typ_funkce_en": "Chairperson"}}, {"pk": 23, "model": "api.typfunkce", "fields": {"priorita": 1, "typ_funkce_cz": "P\u0159edseda", "typ_organu": 29, "obecny_typ": 1, "typ_funkce_en": "Chairperson"}}, {"pk": 20, "model": "api.typfunkce", "fields": {"priorita": 2, "typ_funkce_cz": "M\u00edstop\u0159edseda", "typ_organu": 13, "obecny_typ": 2, "typ_funkce_en": "Vice-chairperson"}}, {"pk": 21, "model": "api.typfunkce", "fields": {"priorita": 3, "typ_funkce_cz": "M\u00edstop\u0159edseda", "typ_organu": 7, "obecny_typ": 2, "typ_funkce_en": "Vice-chairperson"}}, {"pk": 22, "model": "api.typfunkce", "fields": {"priorita": 2, "typ_funkce_cz": "M\u00edstop\u0159edseda", "typ_organu": 29, "obecny_typ": 2, "typ_funkce_en": "Vice-chairperson"}}, {"pk": 25, "model": "api.typfunkce", "fields": {"priorita": 1, "typ_funkce_cz": "P\u0159edseda", "typ_organu": 27, "obecny_typ": 1, "typ_funkce_en": "Chairperson"}}, {"pk": 24, "model": "api.typfunkce", "fields": {"priorita": 5, "typ_funkce_cz": "Zapisovatel v\u00fdboru", "typ_organu": 29, "obecny_typ": 0, "typ_funkce_en": ""}}, {"pk": 27, "model": "api.typfunkce", "fields": {"priorita": 40, "typ_funkce_cz": "Zapisovatel", "typ_organu": 27, "obecny_typ": 0, "typ_funkce_en": ""}}, {"pk": 26, "model": "api.typfunkce", "fields": {"priorita": 2, "typ_funkce_cz": "M\u00edstop\u0159edseda", "typ_organu": 27, "obecny_typ": 2, "typ_funkce_en": "Vice-chairperson"}}, {"pk": 28, "model": "api.typfunkce", "fields": {"priorita": 50, "typ_funkce_cz": "Po\u0159adatel", "typ_organu": 27, "obecny_typ": 0, "typ_funkce_en": ""}}, {"pk": 30, "model": "api.typfunkce", "fields": {"priorita": 2, "typ_funkce_cz": "M\u00edstop\u0159edseda", "typ_organu": 24, "obecny_typ": 2, "typ_funkce_en": ""}}, {"pk": 29, "model": "api.typfunkce", "fields": {"priorita": 1, "typ_funkce_cz": "P\u0159edseda", "typ_organu": 24, "obecny_typ": 1, "typ_funkce_en": ""}}, {"pk": 31, "model": "api.typfunkce", "fields": {"priorita": 10, "typ_funkce_cz": "Zapisovatel", "typ_organu": 24, "obecny_typ": 0, "typ_funkce_en": ""}}, {"pk": 32, "model": "api.typfunkce", "fields": {"priorita": 15, "typ_funkce_cz": "Po\u0159adatel", "typ_organu": 24, "obecny_typ": 0, "typ_funkce_en": ""}}, {"pk": 33, "model": "api.typfunkce", "fields": {"priorita": 1, "typ_funkce_cz": "P\u0159edseda", "typ_organu": 33, "obecny_typ": 1, "typ_funkce_en": "Chairperson"}}, {"pk": 35, "model": "api.typfunkce", "fields": {"priorita": 10, "typ_funkce_cz": "Zapisovatel", "typ_organu": 33, "obecny_typ": null, "typ_funkce_en": "Zapisovatel"}}, {"pk": 34, "model": "api.typfunkce", "fields": {"priorita": 2, "typ_funkce_cz": "M\u00edstop\u0159edseda", "typ_organu": 33, "obecny_typ": 2, "typ_funkce_en": "Vice-chairperson"}}, {"pk": 38, "model": "api.typfunkce", "fields": {"priorita": 2, "typ_funkce_cz": "Viceprezident", "typ_organu": 15, "obecny_typ": 0, "typ_funkce_en": ""}}, {"pk": 36, "model": "api.typfunkce", "fields": {"priorita": 2, "typ_funkce_cz": "M\u00edstop\u0159edseda", "typ_organu": 5, "obecny_typ": 2, "typ_funkce_en": "Vice-chairperson"}}, {"pk": 37, "model": "api.typfunkce", "fields": {"priorita": 1, "typ_funkce_cz": "Prezident", "typ_organu": 15, "obecny_typ": 0, "typ_funkce_en": ""}}, {"pk": 41, "model": "api.typfunkce", "fields": {"priorita": 102, "typ_funkce_cz": "Z\u00e1stupce Ve\u0159ejn\u00e9ho ochr\u00e1nce pr\u00e1v", "typ_organu": 15, "obecny_typ": 0, "typ_funkce_en": ""}}, {"pk": 90, "model": "api.typfunkce", "fields": {"priorita": 10, "typ_funkce_cz": "Deleg\u00e1t", "typ_organu": 74, "obecny_typ": null, "typ_funkce_en": ""}}, {"pk": 40, "model": "api.typfunkce", "fields": {"priorita": 101, "typ_funkce_cz": "Ve\u0159ejn\u00fd ochr\u00e1nce pr\u00e1v", "typ_organu": 15, "obecny_typ": 0, "typ_funkce_en": ""}}, {"pk": 89, "model": "api.typfunkce", "fields": {"priorita": 5, "typ_funkce_cz": "\u010clen", "typ_organu": 42, "obecny_typ": 0, "typ_funkce_en": ""}}, {"pk": 42, "model": "api.typfunkce", "fields": {"priorita": 1, "typ_funkce_cz": "\u0158editel", "typ_organu": 15, "obecny_typ": 1, "typ_funkce_en": ""}}, {"pk": 91, "model": "api.typfunkce", "fields": {"priorita": 20, "typ_funkce_cz": "N\u00e1hradn\u00edk", "typ_organu": 74, "obecny_typ": null, "typ_funkce_en": ""}}, {"pk": 97, "model": "api.typfunkce", "fields": {"priorita": 5, "typ_funkce_cz": "\u010clen", "typ_organu": 7, "obecny_typ": 0, "typ_funkce_en": ""}}, {"pk": 92, "model": "api.typfunkce", "fields": {"priorita": 10, "typ_funkce_cz": "\u010clen veden\u00ed klubu", "typ_organu": 1, "obecny_typ": null, "typ_funkce_en": ""}}, {"pk": 93, "model": "api.typfunkce", "fields": {"priorita": 4, "typ_funkce_cz": "1. m\u00edstop\u0159edseda", "typ_organu": 1, "obecny_typ": 2, "typ_funkce_en": ""}}, {"pk": 94, "model": "api.typfunkce", "fields": {"priorita": 5, "typ_funkce_cz": "2. m\u00edstop\u0159edseda", "typ_organu": 1, "obecny_typ": 2, "typ_funkce_en": ""}}, {"pk": 95, "model": "api.typfunkce", "fields": {"priorita": 6, "typ_funkce_cz": "3. m\u00edstop\u0159edseda", "typ_organu": 1, "obecny_typ": 2, "typ_funkce_en": ""}}, {"pk": 96, "model": "api.typfunkce", "fields": {"priorita": 201, "typ_funkce_cz": "Ministr", "typ_organu": 5, "obecny_typ": null, "typ_funkce_en": ""}}, {"pk": 52, "model": "api.typfunkce", "fields": {"priorita": 108, "typ_funkce_cz": "Ministr pr\u00e1ce a soci\u00e1ln\u00edch v\u011bc\u00ed", "typ_organu": 5, "obecny_typ": 0, "typ_funkce_en": ""}}, {"pk": 53, "model": "api.typfunkce", "fields": {"priorita": 104, "typ_funkce_cz": "Ministr financ\u00ed", "typ_organu": 5, "obecny_typ": 0, "typ_funkce_en": ""}}, {"pk": 54, "model": "api.typfunkce", "fields": {"priorita": 114, "typ_funkce_cz": "Ministr zahrani\u010dn\u00edch v\u011bc\u00ed", "typ_organu": 5, "obecny_typ": 0, "typ_funkce_en": ""}}, {"pk": 55, "model": "api.typfunkce", "fields": {"priorita": 109, "typ_funkce_cz": "Ministr pro m\u00edstn\u00ed rozvoj", "typ_organu": 5, "obecny_typ": 0, "typ_funkce_en": ""}}, {"pk": 56, "model": "api.typfunkce", "fields": {"priorita": 106, "typ_funkce_cz": "Ministr kultury", "typ_organu": 5, "obecny_typ": 0, "typ_funkce_en": ""}}, {"pk": 59, "model": "api.typfunkce", "fields": {"priorita": 110, "typ_funkce_cz": "Ministr pr\u016fmyslu a obchodu", "typ_organu": 5, "obecny_typ": 0, "typ_funkce_en": ""}}, {"pk": 57, "model": "api.typfunkce", "fields": {"priorita": 116, "typ_funkce_cz": "Ministr zem\u011bd\u011blstv\u00ed", "typ_organu": 5, "obecny_typ": 0, "typ_funkce_en": ""}}, {"pk": 58, "model": "api.typfunkce", "fields": {"priorita": 115, "typ_funkce_cz": "Ministr zdravotnictv\u00ed", "typ_organu": 5, "obecny_typ": 0, "typ_funkce_en": ""}}, {"pk": 60, "model": "api.typfunkce", "fields": {"priorita": 113, "typ_funkce_cz": "Ministr vnitra", "typ_organu": 5, "obecny_typ": 0, "typ_funkce_en": ""}}, {"pk": 61, "model": "api.typfunkce", "fields": {"priorita": 117, "typ_funkce_cz": "Ministr \u017eivotn\u00edho prost\u0159ed\u00ed", "typ_organu": 5, "obecny_typ": 0, "typ_funkce_en": ""}}, {"pk": 64, "model": "api.typfunkce", "fields": {"priorita": 107, "typ_funkce_cz": "Ministr obrany", "typ_organu": 5, "obecny_typ": 0, "typ_funkce_en": ""}}, {"pk": 62, "model": "api.typfunkce", "fields": {"priorita": 112, "typ_funkce_cz": "Ministr spravedlnosti", "typ_organu": 5, "obecny_typ": 0, "typ_funkce_en": ""}}, {"pk": 63, "model": "api.typfunkce", "fields": {"priorita": 102, "typ_funkce_cz": "Ministr dopravy a spoj\u016f", "typ_organu": 5, "obecny_typ": 0, "typ_funkce_en": ""}}, {"pk": 65, "model": "api.typfunkce", "fields": {"priorita": 111, "typ_funkce_cz": "Ministr \u0161kolstv\u00ed, ml\u00e1de\u017ee a t\u011blov\u00fdchovy", "typ_organu": 5, "obecny_typ": 0, "typ_funkce_en": ""}}, {"pk": 66, "model": "api.typfunkce", "fields": {"priorita": 1, "typ_funkce_cz": "P\u0159edseda", "typ_organu": 40, "obecny_typ": 1, "typ_funkce_en": "Chairperson"}}, {"pk": 69, "model": "api.typfunkce", "fields": {"priorita": 200, "typ_funkce_cz": "\u010clen vl\u00e1dy", "typ_organu": 5, "obecny_typ": 0, "typ_funkce_en": ""}}, {"pk": 67, "model": "api.typfunkce", "fields": {"priorita": 2, "typ_funkce_cz": "Prvn\u00ed m\u00edstop\u0159edseda", "typ_organu": 40, "obecny_typ": 2, "typ_funkce_en": ""}}, {"pk": 68, "model": "api.typfunkce", "fields": {"priorita": 2, "typ_funkce_cz": "M\u00edstop\u0159edseda", "typ_organu": 41, "obecny_typ": 2, "typ_funkce_en": "Vice-chairperson"}}, {"pk": 71, "model": "api.typfunkce", "fields": {"priorita": 10, "typ_funkce_cz": "\u010clen", "typ_organu": 45, "obecny_typ": 0, "typ_funkce_en": "Member"}}, {"pk": 70, "model": "api.typfunkce", "fields": {"priorita": 1, "typ_funkce_cz": "Prezident", "typ_organu": 18, "obecny_typ": 0, "typ_funkce_en": ""}}, {"pk": 72, "model": "api.typfunkce", "fields": {"priorita": 10, "typ_funkce_cz": "N\u00e1hradn\u00edk", "typ_organu": 45, "obecny_typ": 0, "typ_funkce_en": ""}}, {"pk": 74, "model": "api.typfunkce", "fields": {"priorita": 10, "typ_funkce_cz": "N\u00e1hradn\u00edk", "typ_organu": 42, "obecny_typ": 0, "typ_funkce_en": ""}}, {"pk": 98, "model": "api.typfunkce", "fields": {"priorita": 7, "typ_funkce_cz": "N\u00e1hradn\u00edk", "typ_organu": 7, "obecny_typ": null, "typ_funkce_en": ""}}, {"pk": 76, "model": "api.typfunkce", "fields": {"priorita": 100, "typ_funkce_cz": "\u010clen", "typ_organu": 41, "obecny_typ": 0, "typ_funkce_en": "Member"}}, {"pk": 99, "model": "api.typfunkce", "fields": {"priorita": 1, "typ_funkce_cz": "Garan\u010dn\u00ed p\u0159edseda", "typ_organu": 4, "obecny_typ": 1, "typ_funkce_en": ""}}, {"pk": 77, "model": "api.typfunkce", "fields": {"priorita": 1, "typ_funkce_cz": "P\u0159edseda", "typ_organu": 20, "obecny_typ": null, "typ_funkce_en": "Chairperson"}}, {"pk": 79, "model": "api.typfunkce", "fields": {"priorita": 1, "typ_funkce_cz": "P\u0159edseda", "typ_organu": 23, "obecny_typ": 1, "typ_funkce_en": "Chairperson"}}, {"pk": 78, "model": "api.typfunkce", "fields": {"priorita": 2, "typ_funkce_cz": "M\u00edstop\u0159edseda", "typ_organu": 20, "obecny_typ": null, "typ_funkce_en": "Vice-chairperson"}}, {"pk": 81, "model": "api.typfunkce", "fields": {"priorita": 1, "typ_funkce_cz": "P\u0159edseda", "typ_organu": 26, "obecny_typ": 1, "typ_funkce_en": "Chairperson"}}, {"pk": 80, "model": "api.typfunkce", "fields": {"priorita": 2, "typ_funkce_cz": "M\u00edstop\u0159edseda", "typ_organu": 23, "obecny_typ": 2, "typ_funkce_en": "Vice-chairperson"}}, {"pk": 83, "model": "api.typfunkce", "fields": {"priorita": 1, "typ_funkce_cz": "P\u0159edseda", "typ_organu": 25, "obecny_typ": 1, "typ_funkce_en": "Chairperson"}}, {"pk": 82, "model": "api.typfunkce", "fields": {"priorita": 2, "typ_funkce_cz": "M\u00edstop\u0159edseda", "typ_organu": 26, "obecny_typ": 2, "typ_funkce_en": "Vice-chairperson"}}, {"pk": 85, "model": "api.typfunkce", "fields": {"priorita": 1, "typ_funkce_cz": "P\u0159edseda", "typ_organu": 57, "obecny_typ": null, "typ_funkce_en": "Chairperson"}}, {"pk": 84, "model": "api.typfunkce", "fields": {"priorita": 2, "typ_funkce_cz": "M\u00edstop\u0159edseda", "typ_organu": 25, "obecny_typ": 2, "typ_funkce_en": "Vice-chairperson"}}, {"pk": 87, "model": "api.typfunkce", "fields": {"priorita": 1, "typ_funkce_cz": "P\u0159edseda", "typ_organu": 15, "obecny_typ": 1, "typ_funkce_en": "Chairperson"}}, {"pk": 86, "model": "api.typfunkce", "fields": {"priorita": 2, "typ_funkce_cz": "M\u00edstop\u0159edseda", "typ_organu": 57, "obecny_typ": null, "typ_funkce_en": "Vice-chairperson"}}, {"pk": 88, "model": "api.typfunkce", "fields": {"priorita": 100, "typ_funkce_cz": "\u010clen", "typ_organu": 15, "obecny_typ": 0, "typ_funkce_en": "Member"}}, {"pk": 100, "model": "api.typfunkce", "fields": {"priorita": 111, "typ_funkce_cz": "Finan\u010dn\u00ed arbitr", "typ_organu": 15, "obecny_typ": 1, "typ_funkce_en": ""}}, {"pk": 101, "model": "api.typfunkce", "fields": {"priorita": 112, "typ_funkce_cz": "Z\u00e1stupce finan\u010dn\u00edho arbitra", "typ_organu": 15, "obecny_typ": null, "typ_funkce_en": ""}}, {"pk": 102, "model": "api.typfunkce", "fields": {"priorita": 30, "typ_funkce_cz": "\u010clen", "typ_organu": 13, "obecny_typ": null, "typ_funkce_en": "Member"}}, {"pk": 103, "model": "api.typfunkce", "fields": {"priorita": 50, "typ_funkce_cz": "Pozorovatel", "typ_organu": 13, "obecny_typ": null, "typ_funkce_en": "Observer"}}, {"pk": 104, "model": "api.typfunkce", "fields": {"priorita": 103, "typ_funkce_cz": "Ministr dopravy", "typ_organu": 5, "obecny_typ": 0, "typ_funkce_en": ""}}, {"pk": 106, "model": "api.typfunkce", "fields": {"priorita": 20, "typ_funkce_cz": "Pozorovatel", "typ_organu": 77, "obecny_typ": null, "typ_funkce_en": "Observer"}}, {"pk": 105, "model": "api.typfunkce", "fields": {"priorita": 105, "typ_funkce_cz": "Ministr informatiky", "typ_organu": 5, "obecny_typ": 0, "typ_funkce_en": ""}}, {"pk": 107, "model": "api.typfunkce", "fields": {"priorita": 30, "typ_funkce_cz": "N\u00e1hradn\u00edk", "typ_organu": 77, "obecny_typ": 0, "typ_funkce_en": ""}}, {"pk": 108, "model": "api.typfunkce", "fields": {"priorita": 1, "typ_funkce_cz": "P\u0159edseda", "typ_organu": 78, "obecny_typ": 1, "typ_funkce_en": "Chairman"}}, {"pk": 109, "model": "api.typfunkce", "fields": {"priorita": 10, "typ_funkce_cz": "Poslanec", "typ_organu": 77, "obecny_typ": null, "typ_funkce_en": "Member"}}, {"pk": 112, "model": "api.typfunkce", "fields": {"priorita": 40, "typ_funkce_cz": "Ov\u011b\u0159ovatel", "typ_organu": 4, "obecny_typ": 3, "typ_funkce_en": ""}}, {"pk": 110, "model": "api.typfunkce", "fields": {"priorita": 500, "typ_funkce_cz": "Revizor", "typ_organu": 1, "obecny_typ": null, "typ_funkce_en": ""}}, {"pk": 111, "model": "api.typfunkce", "fields": {"priorita": 7, "typ_funkce_cz": "4. m\u00edstop\u0159edseda", "typ_organu": 1, "obecny_typ": 2, "typ_funkce_en": ""}}, {"pk": 118, "model": "api.typfunkce", "fields": {"priorita": 30, "typ_funkce_cz": "\u0158editel", "typ_organu": 82, "obecny_typ": null, "typ_funkce_en": ""}}, {"pk": 113, "model": "api.typfunkce", "fields": {"priorita": 105, "typ_funkce_cz": "Ministr hospod\u00e1\u0159stv\u00ed", "typ_organu": 5, "obecny_typ": 0, "typ_funkce_en": ""}}, {"pk": 114, "model": "api.typfunkce", "fields": {"priorita": 8, "typ_funkce_cz": "5. m\u00edstop\u0159edseda", "typ_organu": 1, "obecny_typ": 2, "typ_funkce_en": ""}}, {"pk": 115, "model": "api.typfunkce", "fields": {"priorita": 2, "typ_funkce_cz": "1. m\u00edstop\u0159edseda", "typ_organu": 3, "obecny_typ": 2, "typ_funkce_en": ""}}, {"pk": 116, "model": "api.typfunkce", "fields": {"priorita": 3, "typ_funkce_cz": "2. m\u00edstop\u0159edseda", "typ_organu": 3, "obecny_typ": 2, "typ_funkce_en": ""}}, {"pk": 117, "model": "api.typfunkce", "fields": {"priorita": 50, "typ_funkce_cz": "\u010clen", "typ_organu": 82, "obecny_typ": null, "typ_funkce_en": ""}}, {"pk": 119, "model": "api.typfunkce", "fields": {"priorita": 31, "typ_funkce_cz": "P\u0159edseda", "typ_organu": 82, "obecny_typ": null, "typ_funkce_en": ""}}, {"pk": 120, "model": "api.typfunkce", "fields": {"priorita": 21, "typ_funkce_cz": "Guvern\u00e9r", "typ_organu": 82, "obecny_typ": null, "typ_funkce_en": ""}}, {"pk": 121, "model": "api.typfunkce", "fields": {"priorita": 41, "typ_funkce_cz": "Vrchn\u00ed \u0159editel", "typ_organu": 82, "obecny_typ": null, "typ_funkce_en": ""}}, {"pk": 122, "model": "api.typfunkce", "fields": {"priorita": 29, "typ_funkce_cz": "Viceguvern\u00e9r", "typ_organu": 82, "obecny_typ": null, "typ_funkce_en": ""}}, {"pk": 126, "model": "api.typfunkce", "fields": {"priorita": 48, "typ_funkce_cz": "Inspektor", "typ_organu": 82, "obecny_typ": null, "typ_funkce_en": ""}}, {"pk": 123, "model": "api.typfunkce", "fields": {"priorita": 44, "typ_funkce_cz": "Vedouc\u00ed", "typ_organu": 82, "obecny_typ": null, "typ_funkce_en": ""}}, {"pk": 124, "model": "api.typfunkce", "fields": {"priorita": 42, "typ_funkce_cz": "\u010clen bankovn\u00ed rady", "typ_organu": 82, "obecny_typ": null, "typ_funkce_en": ""}}, {"pk": 125, "model": "api.typfunkce", "fields": {"priorita": 1000, "typ_funkce_cz": "Intern\u00ed auditor", "typ_organu": 84, "obecny_typ": 0, "typ_funkce_en": "Internal Auditor"}}, {"pk": 127, "model": "api.typfunkce", "fields": {"priorita": 170, "typ_funkce_cz": "Ministr pro evropsk\u00e9 z\u00e1le\u017eitosti", "typ_organu": 5, "obecny_typ": null, "typ_funkce_en": ""}}, {"pk": 128, "model": "api.typfunkce", "fields": {"priorita": 10, "typ_funkce_cz": "M\u00edstop\u0159edseda", "typ_organu": 15, "obecny_typ": 2, "typ_funkce_en": ""}}, {"pk": 129, "model": "api.typfunkce", "fields": {"priorita": 20, "typ_funkce_cz": "\u010clen p\u0159edsednictva", "typ_organu": 1, "obecny_typ": 0, "typ_funkce_en": ""}}, {"pk": 130, "model": "api.typfunkce", "fields": {"priorita": 4, "typ_funkce_cz": "3. m\u00edstop\u0159edseda", "typ_organu": 3, "obecny_typ": 2, "typ_funkce_en": ""}}, {"pk": 131, "model": "api.typfunkce", "fields": {"priorita": 5, "typ_funkce_cz": "4. m\u00edstop\u0159edseda", "typ_organu": 3, "obecny_typ": 2, "typ_funkce_en": ""}}, {"pk": 132, "model": "api.typfunkce", "fields": {"priorita": 6, "typ_funkce_cz": "5. m\u00edstop\u0159edseda", "typ_organu": 3, "obecny_typ": 2, "typ_funkce_en": ""}}, {"pk": 133, "model": "api.typfunkce", "fields": {"priorita": 7, "typ_funkce_cz": "6. m\u00edstop\u0159edseda", "typ_organu": 3, "obecny_typ": 2, "typ_funkce_en": ""}}, {"pk": 134, "model": "api.typfunkce", "fields": {"priorita": 8, "typ_funkce_cz": "7. m\u00edstop\u0159edseda", "typ_organu": 3, "obecny_typ": 2, "typ_funkce_en": ""}}]